"NENDO","K_TANKA_APR","K_TANKA_MAY","K_TANKA_JUN","K_TANKA_JUL","K_TANKA_AUG","K_TANKA_SEP","K_TANKA_OCT","K_TANKA_NOV","K_TANKA_DEC","K_TANKA_JAN","K_TANKA_FEB","K_TANKA_MAR"
"2016","0","0","0","0","0","0","0","0","0","0","0","0"
"2017","0","0","0","0","0","0","0","0","0","0","0","0"
"2018","0","0","0","0","0","0","0","0","0","0","0","0"
"2019","0","0","0","0","0","0","0","0","0","0","0","0"
"2020","0","0","0","0","0","0","0","0","0","0","0","0"
"2021","0","0","0","0","0","0","0","0","0","0","0","0"
"2022","0","0","0","0","0","0","0","0","0","0","0","0"
"2023","0","0","0","0","0","0","0","0","0","0","0","0"
"2024","0","0","0","0","0","0","0","0","0","0","0","0"
"2025","0","0","0","0","0","0","0","0","0","0","0","0"
"2026","0","0","0","0","0","0","0","0","0","0","0","0"
